"parameter_index","simulation_index","global_index"
2447,5,"simulation_results_122.rds"
2447,7,"simulation_results_122.rds"
2447,8,"simulation_results_122.rds"
2669,1,"simulation_results_124.rds"
2669,2,"simulation_results_124.rds"
2669,3,"simulation_results_124.rds"
2669,4,"simulation_results_124.rds"
2669,5,"simulation_results_124.rds"
2669,6,"simulation_results_124.rds"
2669,7,"simulation_results_124.rds"
2669,8,"simulation_results_124.rds"
3336,2,"simulation_results_130.rds"
3336,4,"simulation_results_130.rds"
3336,5,"simulation_results_130.rds"
3336,7,"simulation_results_130.rds"
5002,2,"simulation_results_145.rds"
5002,6,"simulation_results_145.rds"
5002,7,"simulation_results_145.rds"
5002,8,"simulation_results_145.rds"
